{
    "accuracy": 0.9509784345047924,
    "loss": 5.668569564819336
}