{
    "accuracy": 0.5776757188498403,
    "loss": 2.6063191890716553
}